<theme>
<formatVersion>7</formatVersion>
<include>./../theme.xml</include>

<view name="basic, detailed, video, grid">
    <text name="nameLabel" extra="true">
    <text>Atari ST</text>
  </text>
</view>    

<view name="system">
  <text name="sys_line2" extra="true">
    <text>Atari ST</text>
  </text>  
  <text name="shortdescription" extra="true">
   <text>1985  ·  Home Computer</text>
  </text>
  <text name="longdescription" extra="true">
   <text>The Atari ST is a line of home computers from Atari Corporation and the successor to the Atari 8-bit family</text>
  </text>
 </view>
</theme>
