<theme>
<formatVersion>7</formatVersion>
<include>./../theme.xml</include>

<view name="basic, detailed, video, grid">
    <text name="nameLabel" extra="true">
    <text>Options</text>
  </text>
</view>    

<view name="system">
  <text name="sys_line2" extra="true">
    <text>Retroarch</text>

  </text> 
  <text name="shortdescription" extra="true">
   <text>Front-End</text>
  </text>
  <text name="longdescription" extra="true">
   <text>RetroArch is a frontend for emulators, game engines and media players</text>
  </text>
 </view>
</theme>
