<theme>
<formatVersion>7</formatVersion>
<include>./../theme.xml</include>

<view name="basic, detailed, video, grid">
  <text name="nameLabel" extra="true">
    <text>Nintendo Entertainment System</text>
  </text>
</view>    

<view name="system">

  <text name="sys_line2" extra="true">
    <text>NES</text>
</text>
  
  <text name="shortdescription" extra="true">
   <text>1983  ·  Home Console</text>
  </text>
  <text name="longdescription" extra="true">
   <text>The best selling gaming console of its time, the NES helped revitalize the US video game industry following the video game crash of 1983</text>
  </text>
 </view>
</theme>
