<theme>
<formatVersion>7</formatVersion>
<include>./../theme.xml</include>

<view name="basic, detailed, video, grid">
    <text name="nameLabel" extra="true">
    <text>M8c</text>
  </text>
</view>    

<view name="system">
  <text name="sys_line2" extra="true">
    <text>M8c</text>

  </text>    
  <text name="shortdescription" extra="true">
   <text>Dirtywave M8 tracker</text>
  </text>
  <text name="longdescription" extra="true">
   <text>Boot with teensy plugged in before you run</text>
  </text>
 </view>
</theme>
