<theme>
<formatVersion>7</formatVersion>
<include>./../theme.xml</include>

<view name="basic, detailed, video, grid">
  <text name="nameLabel" extra="true">
    <text>Atari XEGS</text>
  </text>
</view>    

<view name="system">

  <text name="sys_line2" extra="true">
    <text>Atari XEGS</text>
</text>
  <text name="shortdescription" extra="true">
   <text>1987  ·  Home Computer</text>
  </text>
  <text name="longdescription" extra="true">
   <text>The Atari XE Video Game System is a third generation video game console developed and distributed by Atari Corporation</text>
  </text>
 </view>
</theme>
