<theme>
<formatVersion>7</formatVersion>
<include>./../theme.xml</include>

<view name="basic, detailed, video, grid">
  <text name="nameLabel" extra="true">
    <text>Thomson MO/TO7</text>
  </text>
</view>    

<view name="system">
  <text name="sys_line1" extra="true">
    <text>Thomson</text>

  </text>
  <text name="sys_line2" extra="true">
    <text>MO/TO7</text>

</text>
  <text name="shortdescription" extra="true">
   <text>1984  ·  Home Computer</text>
  </text>
  <text name="longdescription" extra="true">
   <text>The Thomson MO5 and TO7 are home computers introduced in France in 1984 to compete against systems such as the ZX Spectrum and Commodore 64</text>
  </text>
 </view>
</theme>
