<theme>
<formatVersion>7</formatVersion>
<include>./../theme.xml</include>

<view name="basic, detailed, video, grid">
    <text name="nameLabel" extra="true">
    <text>Supervision</text>
  </text>
</view>    

<view name="system">
  <text name="sys_line1" extra="true">
    <text>Watara</text>

  </text>
  <text name="sys_line2" extra="true">
    <text>Supervision</text>

</text>
  <text name="shortdescription" extra="true">
   <text>1992  ·  Handheld Console</text>
  </text>
  <text name="longdescription" extra="true">
   <text>The Watara Supervision is a monochrome handheld game console, originating from Asia, and introduced in 1992 as a cut-price competitor for Nintendo's Game Boy</text>
  </text>
 </view>
</theme>
