<theme>
<formatVersion>7</formatVersion>
<include>./../theme.xml</include>

<view name="basic, detailed, video, grid">
  <text name="nameLabel" extra="true">
    <text>Nintendo VirtualBoy</text>
  </text>
</view>    

<view name="system">
  <text name="sys_line2" extra="true">
    <text>VirtualBoy</text>

</text>
  <text name="shortdescription" extra="true">
   <text>1995  ·  Table-Top Console</text>
  </text>
  <text name="longdescription" extra="true">
   <text>It was marketed as the first console capable of displaying stereoscopic 3D graphics using a parallax effect to create the illusion of depth</text>
  </text>
 </view>
</theme>
