<theme>
<formatVersion>7</formatVersion>
<include>./../theme.xml</include>

<view name="basic, detailed, video, grid">
  <text name="nameLabel" extra="true">
    <text>Sega Dreamcast</text>
  </text>
</view>    

<view name="system">
  <text name="sys_line1" extra="true">
    <text>Sega</text>

  </text>
  <text name="sys_line2" extra="true">
    <text>Dreamcast</text>

</text>
  <text name="shortdescription" extra="true">
   <text>1998  ·  Home Console</text>
  </text>
  <text name="longdescription" extra="true">
   <text>The Dreamcast was Sega's final home console, marking the end of the company's 18 years in the console market</text>
  </text>
 </view>
</theme>
