<theme>
<formatVersion>7</formatVersion>
<include>./../theme.xml</include>

<view name="basic, detailed, video, grid">
    <text name="nameLabel" extra="true">
    <text>NEC PC-88</text>
  </text>
</view>    

<view name="system">

  <text name="sys_line1" extra="true">
    <text>NEC</text>
  </text> 

  <text name="sys_line2" extra="true">
    <text>PC-88</text>
  </text>    
  <text name="shortdescription" extra="true">
   <text>1981  ·  Home Computer</text>
  </text>
  <text name="longdescription" extra="true">
   <text>PC-88 are a brand of Zilog Z80-based 8-bit home computers released by Nippon Electric Company in 1981 and primarily sold in Japan</text>
  </text>
 </view>
</theme>
