<theme>
<formatVersion>7</formatVersion>
<include>./../theme.xml</include>

<view name="basic, detailed, video, grid">
    <text name="nameLabel" extra="true">
    <text>Pokemon Mini</text>
  </text>
</view>    

<view name="system">
  <text name="sys_line2" extra="true">
    <text>Pokemon Mini</text>

  </text>    
  <text name="shortdescription" extra="true">
   <text>2001  ·  Handheld Console</text>
  </text>
  <text name="longdescription" extra="true">
   <text>The Pokemon Mini is a handheld game console that was designed and manufactured by Nintendo and themed around the Pokemon media franchise</text>
  </text>
 </view>
</theme>
