<theme>
<formatVersion>7</formatVersion>
<include>./../theme.xml</include>

<view name="basic, detailed, video, grid">
    <text name="nameLabel" extra="true">
    <text>Amiga CDTV</text>
  </text>
</view>    

<view name="system">
  <text name="sys_line2" extra="true">
    <text>Amiga CDTV</text>
  </text>    
  <text name="shortdescription" extra="true">
   <text>1991  ·  Home Console</text>
  </text>
  <text name="longdescription" extra="true">The CDTV is a multimedia platform developed by Commodore International and launched in March 1991</text>
  </text>
 </view>
</theme>
