<theme>
<formatVersion>7</formatVersion>
<include>./../theme.xml</include>

<view name="basic, detailed, video, grid">
    <text name="nameLabel" extra="true">
    <text>American LG</text>
  </text>
</view>    

<view name="system">
  <text name="sys_line1" extra="true">
    <text>American</text>

  </text>  
  <text name="sys_line2" extra="true">
    <text>Laser Games</text>

  </text>    
  <text name="shortdescription" extra="true">
   <text>Laserdisc Console</text>
  </text>
  <text name="longdescription" extra="true">
   <text>American Laser Games was a company that created numerous light gun laserdisc video games featuring live action full motion video.</text>
  </text>
 </view>
</theme>
