<theme>
<formatVersion>7</formatVersion>
<include>./../theme.xml</include>

<view name="basic, detailed, video, grid">
  <text name="nameLabel" extra="true">
    <text>TV & Radio</text>
  </text>
</view>    

<view name="system">
  <text name="sys_line1" extra="true">
    <text>Melbourne live TV and Radio</text>

  </text>
  <text name="sys_line2" extra="true">
    <text>TV & Radio</text>

</text>
  <text name="shortdescription" extra="true">
   <text>Live</text>
  </text>
  <text name="longdescription" extra="true">
   <text>Listen to live radio and watch live TV.</text>
  </text>
 </view>
</theme>
