<theme>
<formatVersion>7</formatVersion>
<include>./../theme.xml</include>

<view name="basic, detailed, video, grid">
  <text name="nameLabel" extra="true">
    <text>Odyssey 2</text>
  </text>
</view>    

<view name="system">
  <text name="sys_line1" extra="true">
    <text>Magnavox</text>

  </text>
  <text name="sys_line2" extra="true">
    <text>Odyssey 2</text>

</text>
  <text name="shortdescription" extra="true">
   <text>1978  ·  Home Console</text>
  </text>
  <text name="longdescription" extra="true">
   <text>The Magnavox Odyssey 2 is a second generation home video game console that was released in 1978.</text>
  </text>
 </view>
</theme>
