<theme>
<formatVersion>7</formatVersion>
<include>./../theme.xml</include>

<view name="basic, detailed, video, grid">
  <text name="nameLabel" extra="true">
    <text>Playstation Portable</text>
  </text>
</view>    

<view name="system">

  <text name="sys_line2" extra="true">
    <text>PSP Minis</text>

</text>
  <text name="shortdescription" extra="true">
   <text>2004  ·  Handheld Console</text>
  </text>
  <text name="longdescription" extra="true">
   <text>Sony's first handheld, it was also the first real competition to Nintendo handhelds since the Game Gear</text>
  </text>
 </view>
</theme>
