<theme>
<formatVersion>7</formatVersion>
<include>./../theme.xml</include>

<view name="basic, detailed, video, grid">
    <text name="nameLabel" extra="true">
    <text>Nintendo 64DD</text>
  </text>
</view>    

<view name="system">
  <text name="sys_line2" extra="true">
    <text>Nintendo 64DD</text>

  </text> 
  <text name="shortdescription" extra="true">
   <text>1996  ·  Home Console</text>
  </text>
  <text name="longdescription" extra="true">
   <text>The N64 was the last major home console to use the cartridge as its primary storage format until Nintendo's seventh console, the Nintendo Switch</text>
  </text>
 </view>
</theme>
