<theme>
<formatVersion>7</formatVersion>
<include>./../theme.xml</include>

<view name="basic, detailed, video, grid">
    <text name="nameLabel" extra="true">
    <text>Sega Naomi</text>
  </text>
</view>    

<view name="system">
  <text name="sys_line2" extra="true">
    <text>Sega Naomi</text>

  </text>    
  <text name="shortdescription" extra="true">
   <text>1998  ·  Arcade Board</text>
  </text>
  <text name="longdescription" extra="true">
   <text>The Sega NAOMI is an arcade system board released in 1998 as a successor to Sega Model 3 hardware</text>
  </text>
 </view>
</theme>
