<theme>
<formatVersion>7</formatVersion>
<include>./../theme.xml</include>

<view name="basic, detailed, video, grid">
  <text name="nameLabel" extra="true">
    <text>Sega GameGear</text>
  </text>
</view>    

<view name="system">
  <text name="sys_line1" extra="true">
    <text>Sega</text>

  </text>
  <text name="sys_line2" extra="true">
    <text>GameGear</text>

</text>
  <text name="shortdescription" extra="true">
   <text>1990  ·  Handheld Console</text>
  </text>
  <text name="longdescription" extra="true">
   <text>The Game Gear shares much of its hardware with the Master System and is able to play its own titles as well as those of the Master System</text>
  </text>
 </view>
</theme>
