<theme>
<formatVersion>7</formatVersion>
<include>./../theme.xml</include>

<view name="basic, detailed, video, grid">
    <text name="nameLabel" extra="true">
    <text>MSX</text>
  </text>
</view>    

<view name="system">
  <text name="sys_line2" extra="true">
    <text>MSX</text>

  </text> 
  <text name="shortdescription" extra="true">
   <text>1983  ·  Home Computer</text>
  </text>
  <text name="longdescription" extra="true">
   <text>The MSX is the name of a standardized home computer architecture, first announced by Microsoft on June 16, 1983</text>
  </text>
 </view>
</theme>
