<theme>
<formatVersion>7</formatVersion>
<include>./../theme.xml</include>

<view name="basic, detailed, video, grid">
    <text name="nameLabel" extra="true">
    <text>Sufami Turbo</text>
  </text>
</view>    

<view name="system">
  <text name="sys_line2" extra="true">
    <text>Sufami Turbo</text>

  </text>   
  <text name="shortdescription" extra="true">
   <text>1996  ·  Home Console Peripheral</text>
  </text>
  <text name="longdescription" extra="true">
   <text>The SuFami Turbo is an accessory for the Super Famicom, by Bandai, released only in Japan in 1996.</text>
  </text>
 </view>
</theme>
