<theme>
<formatVersion>7</formatVersion>
<include>./../theme.xml</include>

<view name="basic, detailed, video, grid">
  <text name="nameLabel" extra="true">
    <text>Apps</text>
  </text>
</view>    

<view name="system">
  <text name="sys_line1" extra="true">
    <text>Duncan</text>

  </text>
  <text name="sys_line2" extra="true">
    <text>Apps</text>

</text>
  <text name="shortdescription" extra="true">
   <text>DIY Appcetera</text>
  </text>
  <text name="longdescription" extra="true">
   <text>You made it, put in the native rooms folder, you'll find it here.  Let's hope you can run it.</text>
  </text>
 </view>
</theme>
