<theme>
<formatVersion>7</formatVersion>
<include>./../theme.xml</include>

<view name="basic, detailed, video, grid">
  <text name="nameLabel" extra="true">
    <text>Sega SC-3000</text>
  </text>
</view>    

<view name="system">
  <text name="sys_line1" extra="true">
    <text>Sega</text>

  </text>
  <text name="sys_line2" extra="true">
    <text>SC-3000</text>

</text>
  <text name="shortdescription" extra="true">
   <text>1983  ·  8-bit Home Computer</text>
  </text>
  <text name="longdescription" extra="true">
   <text>The SC-3000 is the first and only computer to be designed and manufactured by Sega</text>
  </text>
 </view>
</theme>
