<theme>
<formatVersion>7</formatVersion>
<include>./../theme.xml</include>

<view name="basic, detailed, video, grid">
  <text name="nameLabel" extra="true">
    <text>M8</text>
  </text>
</view>    

<view name="system">
  <text name="sys_line1" extra="true">
    <text>Dirtywave</text>

  </text>
  <text name="sys_line2" extra="true">
    <text>M8 tools</text>

</text>
  <text name="shortdescription" extra="true">
   <text>Tools for M8</text>
  </text>
  <text name="longdescription" extra="true">
   <text>Tools to create custom kits for the M8 sampler.</text>
  </text>
 </view>
</theme>
