<theme>
<formatVersion>7</formatVersion>
<include>./../theme.xml</include>

<view name="basic, detailed, video, grid">
    <text name="nameLabel" extra="true">
    <text>DonPachi</text>
  </text>
</view>    

<view name="system">
  <text name="sys_line2" extra="true">
    <text>DonPachi</text>

  </text> 
  <text name="shortdescription" extra="true">
   <text>DonPachi · Game Series</text>
  </text>
  <text name="longdescription" extra="true">
   <text>DonPachi was the first project to be developed by Cave, a Japanese video game developer founded by former Toaplan staff</text>
  </text>
 </view>
</theme>
