<theme>
<formatVersion>7</formatVersion>
<include>./../theme.xml</include>

<view name="basic, detailed, video, grid">
    <text name="nameLabel" extra="true">
    <text>Ports/Scripts</text>
  </text>
</view>    

<view name="system">
  <text name="sys_line2" extra="true">
    <text>Ports/Scripts</text>

  </text>    
  <text name="shortdescription" extra="true">
   <text>Software</text>
  </text>
  <text name="longdescription" extra="true">
   <text>Ports of software and scripts to get things done</text>
  </text>
 </view>
</theme>
