<theme>
<formatVersion>7</formatVersion>
<include>./../theme.xml</include>

<view name="basic, detailed, video, grid">
    <text name="nameLabel" extra="true">
    <text>Final Fantasy</text>
  </text>
</view>    

<view name="system">
  <text name="sys_line2" extra="true">
    <text>Final Fantasy</text>

  </text> 
  <text name="shortdescription" extra="true">
   <text>Final Fantasy · Game Series</text>
  </text>
  <text name="longdescription" extra="true">
   <text>Final Fantasy is a Japanese anthology science fantasy media franchise created by Hironobu Sakaguchi, and developed and owned by Square</text>
  </text>
 </view>
</theme>
