<theme>
<formatVersion>7</formatVersion>
<include>./../theme.xml</include>

<view name="basic, detailed, video, grid">
    <text name="nameLabel" extra="true">
    <text>Advision</text>
  </text>
</view>    

<view name="system">
  <text name="sys_line2" extra="true">
    <text>Advision</text>
  </text>   
  <text name="sys_line2" extra="true">
    <text>Home Arcade</text>
  </text>    
  <text name="shortdescription" extra="true">
   <text>1982  ·  Clone Home Console</text>
  </text>
  <text name="longdescription" extra="true">
   <text>Clone of the Emerson Radio home console Arcadia 2001</text>
  </text>
 </view>
</theme>
