<theme>
<formatVersion>7</formatVersion>
<include>./../theme.xml</include>

<view name="basic, detailed, video, grid">
    <text name="nameLabel" extra="true">
    <text>Neo Geo CD</text>
  </text>
</view>    

<view name="system">
  <text name="sys_line2" extra="true">
    <text>Neo Geo CD</text>

  </text> 
  <text name="shortdescription" extra="true">
   <text>1994  ·  Home Console</text>
  </text>
  <text name="longdescription" extra="true">
   <text>The Neo Geo CD is the second home video game console of SNK Corporation's Neo Geo family, released in September 9, 1994, four years after its cartridge-based equivalent.</text>
  </text>
 </view>
</theme>
