<theme>
<formatVersion>7</formatVersion>
<include>./../theme.xml</include>

<view name="basic, detailed, video, grid">
  <text name="nameLabel" extra="true">
    <text>Atari Jaguar</text>
  </text>
</view>    

<view name="system">
  <text name="sys_line1" extra="true">
    <text>Atari</text>
  </text>
  <text name="sys_line2" extra="true">
    <text>Jaguar</text>
</text>
  <text name="shortdescription" extra="true">
   <text>1993  ·  Home Console</text>
  </text>
  <text name="longdescription" extra="true">
   <text>Sixth and last programmable console to be developed under the Atari brand, Atari marketed the Jaguar as being the first 64-bit video game console</text>
  </text>
 </view>
</theme>
