<theme>
<formatVersion>7</formatVersion>
<include>./../theme.xml</include>

<view name="basic, detailed, video, grid">
    <text name="nameLabel" extra="true">
    <text>Tiger LCD</text>
  </text>
</view>    

<view name="system">
  <text name="sys_line1" extra="true">
    <text>Tiger</text>
  </text> 
  <text name="sys_line2" extra="true">
    <text>LCD</text>
  </text>    
  <text name="shortdescription" extra="true">
   <text>1978  ·  Handheld Console</text>
  </text>
  <text name="longdescription" extra="true">
   <text>Tiger Electronics was founded in 1978 by Randy Rissman, Gerald Rissman, and Arnold Rissman in Vernon Hills, Illinois</text>
  </text>
 </view>
</theme>
