<theme>
<formatVersion>7</formatVersion>
<include>./../theme.xml</include>

<view name="basic, detailed, video, grid">
    <text name="nameLabel" extra="true">
    <text>X1</text>
  </text>
</view>    

<view name="system">
  <text name="sys_line1" extra="true">
    <text>Sharp</text>
  </text> 
  <text name="sys_line2" extra="true">
    <text>X1</text>
  </text> 
  <text name="shortdescription" extra="true">
   <text>1982  ·  Home Computer</text>
  </text>
  <text name="longdescription" extra="true">
   <text>The X1 is a series of home computers released by Sharp Corporation from 1982 to 1988</text>
  </text>
 </view>
</theme>
