<theme>
<formatVersion>7</formatVersion>
<include>./../theme.xml</include>

<view name="basic, detailed, video, grid">
    <text name="nameLabel" extra="true">
    <text>SuperGrafx</text>
  </text>
</view>    

<view name="system">
  <text name="sys_line2" extra="true">
    <text>SuperGrafx</text>

  </text>   
  <text name="shortdescription" extra="true">
   <text>1989  ·  Home Console</text>
  </text>
  <text name="longdescription" extra="true">
   <text>The SuperGrafx is an upgraded version of the PC Engine. Only six retail games were produced which took advantage of the improved hardware
</text>
  </text>
 </view>
</theme>
