<theme>
<formatVersion>7</formatVersion>
<include>./../theme.xml</include>

<view name="basic, detailed, video, grid">
    <text name="nameLabel" extra="true">
    <text>Wrestling</text>
  </text>
</view>    

<view name="system">
  <text name="sys_line2" extra="true">
    <text>Wrestling</text>

  </text> 
  <text name="shortdescription" extra="true">
   <text>Game Genre</text>
  </text>
  <text name="longdescription" extra="true">
   <text>Bullet Club is a professional wreslting stable that was first conceived in early 2013</text>
  </text>
 </view>
</theme>
