<theme>
<formatVersion>7</formatVersion>
<include>./../theme.xml</include>

<view name="basic, detailed, video, grid">
    <text name="nameLabel" extra="true">
    <text>Pico-8</text>
  </text>
</view>    

<view name="system">
  <text name="sys_line2" extra="true">
    <text>Pico-8</text>

  </text>   
  <text name="shortdescription" extra="true">
   <text>2015  ·  Fantasy Computer</text>
  </text>
  <text name="longdescription" extra="true">
   <text>PICO-8 is a fantasy console for making, sharing and playing tiny games and other computer programs.</text>
  </text>
 </view>
</theme>
