<theme>
<formatVersion>7</formatVersion>
<include>./../theme.xml</include>

<view name="basic, detailed, video, grid">
    <text name="nameLabel" extra="true">
    <text>Astrocade</text>
  </text>
</view>    

<view name="system">
  <text name="sys_line2" extra="true">
    <text>Bally</text>
  </text>    
  <text name="sys_line2" extra="true">
    <text>Astrocade</text>
  </text>    
  <text name="shortdescription" extra="true">
   <text>1977  ·  Home Computer</text>
  </text>
  <text name="longdescription" extra="true">
   <text>The Bally Astrocade is a second generation home video game console developed by Midway and distributed by Bally Manufacturing</text>
  </text>
 </view>
</theme>
