<theme>
<formatVersion>7</formatVersion>
<include>./../theme.xml</include>

<view name="basic, detailed, video, grid">
    <text name="nameLabel" extra="true">
    <text>Vectrex</text>
  </text>
</view>    

<view name="system">
  <text name="sys_line2" extra="true">
    <text>Vectrex</text>

  </text>   
  <text name="shortdescription" extra="true">
   <text>1982  ·  Home Console</text>
  </text>
  <text name="longdescription" extra="true">
   <text>Vector display based home video game console that was developed by Western Technologies Smith Engineering</text>
  </text>
 </view>
</theme>
