<theme>
<formatVersion>7</formatVersion>
<include>./../theme.xml</include>

<view name="basic, detailed, video, grid">
    <text name="nameLabel" extra="true">
    <text>Commodore Plus/4</text>
  </text>
</view>    

<view name="system">
  <text name="sys_line1" extra="true">
    <text>Commodore</text>
  </text> 
  <text name="sys_line2" extra="true">
    <text>Plus/4</text>
  </text>    
  <text name="shortdescription" extra="true">
   <text>1984  ·  Home Computer</text>
  </text>
  <text name="longdescription" extra="true">
   <text>The "Plus/4" refers to the four-application ROM resident office suite (word processor, spreadsheet, database, and graphing)</text>
  </text>
 </view>
</theme>
