<theme>
<formatVersion>7</formatVersion>
<include>./../theme.xml</include>

<view name="basic, detailed, video, grid">
    <text name="nameLabel" extra="true">
    <text>ResidualVM</text>
  </text>
</view>    

<view name="system">
  <text name="sys_line2" extra="true">
    <text>ResidualVM</text>

  </text> 
  <text name="shortdescription" extra="true">
   <text>Cross Platform Computer</text>
  </text>
  <text name="longdescription" extra="true">
   <text>ResidualVM is a cross-platform 3D game interpreter which allows you to play LucasArts' Lua-based 3D adventures</text>
  </text>
 </view>
</theme>
