<theme>
<formatVersion>7</formatVersion>
<include>./../theme.xml</include>

<view name="basic, detailed, video, grid">
  <text name="nameLabel" extra="true">
    <text>Sony Playstation 2</text>
  </text>
</view>    

<view name="system">
  <text name="sys_line1" extra="true">
    <text>Sony</text>

  </text>
  <text name="sys_line2" extra="true">
    <text>Playstation 2</text>

</text>
  <text name="shortdescription" extra="true">
   <text>2000  ·  Home Console</text>
  </text>
  <text name="longdescription" extra="true">
   <text>The PlayStation 2 is the best-selling video game console of all time, selling over 155 million units.</text>
  </text>
 </view>
</theme>
