<theme>
<formatVersion>7</formatVersion>
<include>./../theme.xml</include>

<view name="basic, detailed, video, grid">
  <text name="nameLabel" extra="true">
    <text>CAPCOM SYSTEM II</text>
  </text>
</view>    

<view name="system">
  <text name="sys_line1" extra="true">
    <text>CAPCOM</text>

  </text>
  <text name="sys_line2" extra="true">
    <text>SYSTEM II</text>

</text>
  <text name="shortdescription" extra="true">
   <text>1993  ·  Arcade Board</text>
  </text>
  <text name="longdescription" extra="true">
   <text>Arcade board that Capcom first used for Super Street Fighter II. It was the successor to their previous CPS.</text>
  </text>
 </view>
</theme>
