<theme>
<formatVersion>7</formatVersion>
<include>./../theme.xml</include>

<view name="basic, detailed, video, grid">
  <text name="nameLabel" extra="true">
    <text>Lutro</text>
  </text>
</view>    

<view name="system">
  <text name="sys_line2" extra="true">
    <text>Lutro</text>
  </text>
  <text name="shortdescription" extra="true">
   <text>2016  ·  2D Game Engine</text>
  </text>
  <text name="longdescription" extra="true">
   <text>Lutro is an in-development Love 2D reimplementation written in Lua and implemented as a libretro core</text>
  </text>
 </view>
</theme>
